first_Name	last_Name	BadgeName	Suffix	Company	Address_1	Address_2	City	Address_3	Region	postal_Code	Country	Phone	Email_Address	Degree	Gender	IP.address
Person	1	Person1	NA	NA	NA	NA	NA	NA	NA	NA	NA	NA	Person1@jax.org	NA	NA	http://162.243.70.204:8787
Person	2	Person2	NA	NA	NA	NA	NA	NA	NA	NA	NA	NA	Person2@jax.org	NA	NA	http://162.243.215.56:8787
Person	3	Person3	NA	NA	NA	NA	NA	NA	NA	NA	NA	NA	Person3@jax.org	NA	NA	http://162.243.215.136:8787
Person	4	Person4	NA	NA	NA	NA	NA	NA	NA	NA	NA	NA	Person4@jax.org	NA	NA	http://162.243.216.93:8787
Person	5	Person5	NA	NA	NA	NA	NA	NA	NA	NA	NA	NA	Person5@jax.org	NA	NA	http://162.243.217.86:8787
Person	6	Person6	NA	NA	NA	NA	NA	NA	NA	NA	NA	NA	Person6@jax.org	NA	NA	http://162.243.218.245:8787
Person	7	Person7	NA	NA	NA	NA	NA	NA	NA	NA	NA	NA	Person7@jax.org	NA	NA	http://162.243.220.63:8787
Person	8	Person8	NA	NA	NA	NA	NA	NA	NA	NA	NA	NA	Person8@jax.org	NA	NA	http://162.243.221.170:8787
Person	9	Person9	NA	NA	NA	NA	NA	NA	NA	NA	NA	NA	Person9@jax.org	NA	NA	http://107.170.0.127:8787
Person	10	Person10	NA	NA	NA	NA	NA	NA	NA	NA	NA	NA	Person10@jax.org	NA	NA	http://107.170.1.130:8787
